{"cameraMode":{"drawMode":0,"name":"Shaded","section":"Shading Mode"},"sceneLighting":true,"audioPlay":false,"sceneViewState":{"m_AlwaysRefresh":false,"showFog":true,"showSkybox":true,"showFlares":true,"showImageEffects":true,"showParticleSystems":true,"showVisualEffectGraphs":true,"m_FxEnabled":true},"in2DMode":false,"pivot":{"x":296.7671203613281,"y":152.93487548828126,"z":346.3186340332031},"rotation":{"x":0.02280595898628235,"y":0.011991825886070729,"z":-0.00027334701735526323,"w":0.9996691346168518},"size":335.5838317871094,"orthographic":false}